filename,width,height,class,xmin,ymin,xmax,ymax
zGty6p4zGTzRip73_png.rf.0642a7c3bea91e2063381f33216c64ca.jpg,640,640,Paper,142,47,640,529
J5ZDRE5Cp9jyHs7s_png.rf.1e6e540a0c77de026329e18cc267f5ed.jpg,640,640,Rock,320,22,606,438
yPnREvUeAGYRKi7V_png.rf.137d646dc6fc7cb9244a9a008897ce81.jpg,640,640,Paper,70,153,576,586
z7TWGDT2mb6DsKuG_png.rf.15d595d9784d87c625fb9ec68371a3f4.jpg,640,640,Scicors,101,34,545,527
JspEtoXj1u5CjLmG_png.rf.12f6c955abfa712380ab6efb4d332b1f.jpg,640,640,Rock,258,131,595,576
xPDNBvgWZrdijzTm_png.rf.100954f0a4ebb66e11da42657f94f347.jpg,640,640,Scicors,110,3,592,560
Jgjf4Q4LunuuLJKq_png.rf.1e0784ddc3e08b424fd24238d2618c9a.jpg,640,640,Rock,39,9,577,512
xQB1ghQm8FBFNtBX_png.rf.1a0bd51fe8cd8c887f847cd8499cd663.jpg,640,640,Scicors,116,6,503,547
xsM5n0KOqwb5R58V_png.rf.00a901a50559705c7a0412196e750808.jpg,640,640,Paper,0,0,496,487
yt2EhLUQ7yDuIlG4_png.rf.09fa5c7e06df916edfd238c5504542e1.jpg,640,640,Scicors,2,0,533,527
yPnREvUeAGYRKi7V_png.rf.01890834338ca19b8db9d4bc5ccdccea.jpg,640,640,Paper,90,36,640,640
xAnfzBYnsnuru9Nf_png.rf.09134b1c2e4ad7082af0d6dbc18dab13.jpg,640,640,Scicors,81,153,640,550
JIdgNYR5ymqv8uxv_png.rf.10ec898bb0b863039c7313d635a13cf8.jpg,640,640,Rock,52,115,392,553
xALf82q7G9zbPjgN_png.rf.1d77615cb4798f1c297929f41527f607.jpg,640,640,Scicors,242,137,635,640
Khsb4fYDiZjyXfBP_png.rf.18be5bd47eeafc4eec6c0b5eaff850e8.jpg,640,640,Rock,202,134,562,585
z6HDaayUjgx6LnhS_png.rf.2172294b70fdbfa861ebe768bd7f079c.jpg,640,640,Scicors,190,133,617,534
yAEtN7WUvS5S1Cmy_png.rf.1e7cbe68a8181597978467d84d13be0f.jpg,640,640,Scicors,0,0,507,442
zQvuYPyUR7gXdqXE_png.rf.1c8214522762b4447d336193e8a5a9f3.jpg,640,640,Paper,203,184,626,593
xfdYfkrgEZ2fuuck_png.rf.234f7354f3ed6cf49aff1748a9f40f1b.jpg,640,640,Scicors,0,108,513,640
ySmdq2LJmCBQatvr_png.rf.255366916eaa0d7431002707ee20c71d.jpg,640,640,Paper,43,163,557,640
KQqIoVT62pLqhEGR_png.rf.2c224787254d9ef92532bb3df25906ed.jpg,640,640,Rock,72,62,457,531
KYa6DwgYNkoUZhMp_png.rf.25ba19396bcf116d6b74f0d54f638306.jpg,640,640,Rock,54,84,534,499
xtv6VZ84IEFHd9pS_png.rf.29766bded306e123ac0bfda998c39932.jpg,640,640,Scicors,132,0,622,421
zVMOQFwVINs3dj8o_png.rf.2f0eddb4f2c06384223731e1a8066664.jpg,640,640,Paper,266,207,619,574
yWLbGUHRsGx5ocE9_png.rf.367938418a270ffd9b61497a83efc962.jpg,640,640,Paper,23,88,522,540
xR8mRBEdYAbokAEk_png.rf.36d41070b1cba85e7f7a9644fa9480b9.jpg,640,640,Paper,137,49,640,640
KYa6DwgYNkoUZhMp_png.rf.30fd5a8a70d775d6d6e96d07ea08f751.jpg,640,640,Rock,147,206,547,537
zVMOQFwVINs3dj8o_png.rf.38d41d4f86a78a8954de87a273c96e4d.jpg,640,640,Paper,163,252,598,640
JXD8WyY4cQoEyvtU_png.rf.3a256db07250122929eb007bdb1b9fdb.jpg,640,640,Rock,146,239,622,587
xtv6VZ84IEFHd9pS_png.rf.3bc0d7ec8df9d48e714dcf1e8a276e43.jpg,640,640,Scicors,266,140,640,536
JqR15GsfOszxXGP2_png.rf.388737f457f23a8e237499c14449b3fe.jpg,640,640,Rock,90,82,463,588
JmcPS1QNxo3NDlk0_png.rf.42f89a92d7f2b3a2ebe538cc6004a21f.jpg,640,640,Rock,186,123,568,612
yPnREvUeAGYRKi7V_png.rf.43997f8df1de403a7f52c00f58b7613c.jpg,640,640,Paper,18,41,535,618
znZ3UHvUM8ySVpDR_png.rf.4a2da32e0ff6eb934261fcf6be4688a0.jpg,640,640,Paper,47,145,640,639
JmcPS1QNxo3NDlk0_png.rf.4934ac860a9a35339ae818c911ee8d3d.jpg,640,640,Rock,114,62,610,443
znZ3UHvUM8ySVpDR_png.rf.4ca8ed851a960d84548e741ed7fcf68c.jpg,640,640,Paper,163,1,640,636
Jgjf4Q4LunuuLJKq_png.rf.50d14f1d37e3d0d6d2e7f1cd5b344c91.jpg,640,640,Rock,46,68,483,547
JIdgNYR5ymqv8uxv_png.rf.4923cb11d123d97f8e012e11200a6450.jpg,640,640,Rock,63,10,546,420
yaRRMcZS7JJ3xLK1_png.rf.4a41b9e731437f05c9f4e9d0971c252a.jpg,640,640,Paper,127,61,633,629
z7TWGDT2mb6DsKuG_png.rf.517dcd479d08e9567ee765c24f325329.jpg,640,640,Scicors,85,46,640,558
KYa6DwgYNkoUZhMp_png.rf.5497e393456defa58dc9cbccc3281115.jpg,640,640,Rock,202,93,521,493
xQL4A9bjTuJuFj5K_png.rf.519334d58443e9f104fd328eb5ae05f0.jpg,640,640,Scicors,91,32,562,524
znZ3UHvUM8ySVpDR_png.rf.5d0f53a809b63b2e4da0d454ae91155b.jpg,640,640,Paper,194,0,640,587
xQB1ghQm8FBFNtBX_png.rf.5b94a60b0a94cf7cf3cd11a4d656034a.jpg,640,640,Scicors,129,138,640,477
Kp9F0tIiHIT310h6_png.rf.60d1391a67eca717bdcafb5a175ad1c8.jpg,640,640,Rock,278,131,629,543
ywXiLajxMzhy7BST_png.rf.5b40c447496f458358359932a768e072.jpg,640,640,Paper,1,34,545,640
JslFc8olsoXrWyG0_png.rf.6a6f654d57e1c45b0fa1eb68f2229c08.jpg,640,640,Rock,194,229,550,624
yYiQN5jZvkGqr6C5_png.rf.6571530c50d3d0eaff2d153634fac599.jpg,640,640,Paper,172,152,616,527
zQvuYPyUR7gXdqXE_png.rf.5be491c785561e56f71b80cf1c42a73a.jpg,640,640,Paper,225,149,604,502
xgFgqnPJIU3u1ZqY_png.rf.574aa392aaeac2311f9ffdde7e25ed7e.jpg,640,640,Scicors,37,110,623,598
yt2EhLUQ7yDuIlG4_png.rf.644efca46160f44d70633f8b2d4542bb.jpg,640,640,Scicors,129,0,625,515
xAnfzBYnsnuru9Nf_png.rf.6af9e3dc85754be041ba002851a75050.jpg,640,640,Scicors,80,158,640,535
yUG4uvp1tvCVbLlk_png.rf.6f2a68185e33443314c7e403a17c0a2e.jpg,640,640,Scicors,59,16,640,640
JqR15GsfOszxXGP2_png.rf.71d5a720830dcee2303f60d1ad216356.jpg,640,640,Rock,124,67,440,528
MwjRfqp6Gnh4vHI8_png.rf.7251c91f0bdfcfbaa8b084310bc23da0.jpg,640,640,Rock,227,79,502,448
Jg78GVOKbbyQchWq_png.rf.6c1df9e0b401c69825a21b6fabbebd80.jpg,640,640,Rock,24,322,499,640
yM5JZ5J4uLeYIGOO_png.rf.6e4b88f98ade64c1967c7cf206ca04dc.jpg,640,640,Paper,15,94,547,614
xR8mRBEdYAbokAEk_png.rf.6f7e79dfb33d22121a5e8759ae61375d.jpg,640,640,Paper,178,61,640,640
yYiQN5jZvkGqr6C5_png.rf.75a6c05f7eccfb36f50bb0f8c45987ae.jpg,640,640,Paper,97,0,544,482
xtv6VZ84IEFHd9pS_png.rf.76dc67f1983b9d1c931a6be4bcbbf8f4.jpg,640,640,Scicors,107,2,547,405
yM5JZ5J4uLeYIGOO_png.rf.74335588f411a781f829de58944347dd.jpg,640,640,Paper,49,23,566,528
yYiQN5jZvkGqr6C5_png.rf.73affe08464353089130d44c96ffceab.jpg,640,640,Paper,67,115,550,636
ywXiLajxMzhy7BST_png.rf.7582128f60d173552eb9808c719091e3.jpg,640,640,Paper,99,54,616,474
MwjRfqp6Gnh4vHI8_png.rf.7f61abf61b9723f594337de5eee41b07.jpg,640,640,Rock,163,232,551,525
z7TWGDT2mb6DsKuG_png.rf.7865e47642293624f867f5fce61e737c.jpg,640,640,Scicors,119,132,595,535
xPDNBvgWZrdijzTm_png.rf.7d975961182da7939d7e99dbe401deaa.jpg,640,640,Scicors,93,117,526,640
xgFgqnPJIU3u1ZqY_png.rf.821b5c16ef73faa33e3c375aaf9e64d0.jpg,640,640,Scicors,45,157,550,534
MwjRfqp6Gnh4vHI8_png.rf.85476fae475ed12134409c48cd63d222.jpg,640,640,Rock,59,89,481,437
zepzkaBk60xgpP3C_png.rf.873356bc8b794d2b9de2cd72f45e2fd2.jpg,640,640,Scicors,97,0,546,558
JspEtoXj1u5CjLmG_png.rf.89119a86f0baa203ebe7cade662d56d4.jpg,640,640,Rock,83,5,582,407
JspEtoXj1u5CjLmG_png.rf.9048b99371c8a99618ffffbee7313138.jpg,640,640,Rock,89,195,620,629
yaRRMcZS7JJ3xLK1_png.rf.8ae8de571455e19f43851dfdf40d5e2e.jpg,640,640,Paper,0,70,637,640
yUG4uvp1tvCVbLlk_png.rf.8f1c9d273cce18e4d4e2418c14e98d8c.jpg,640,640,Scicors,43,85,600,576
xQL4A9bjTuJuFj5K_png.rf.8f03faa77f9c8a7584e85e58e988dca8.jpg,640,640,Scicors,107,103,596,615
KQqIoVT62pLqhEGR_png.rf.9b4ccf3d5d6b4a8721764e9470402914.jpg,640,640,Rock,191,139,560,577
yaRRMcZS7JJ3xLK1_png.rf.9b48ded8f965ffbbfd1e68ce026aaab0.jpg,640,640,Paper,0,0,602,636
z6HDaayUjgx6LnhS_png.rf.a5bfd1182976cf96ce6c9a2264210385.jpg,640,640,Scicors,59,141,515,631
xfdYfkrgEZ2fuuck_png.rf.a2fb1762882f32857ef7d0af7ca49d89.jpg,640,640,Scicors,125,27,640,484
zepzkaBk60xgpP3C_png.rf.9e2ac31bc4092c9348ac1d472f2465b4.jpg,640,640,Scicors,97,150,612,517
JqR15GsfOszxXGP2_png.rf.a8f6f08648489393ad67c115672c78b5.jpg,640,640,Rock,54,82,587,498
yAEtN7WUvS5S1Cmy_png.rf.924decc3192717c2fdf745689c2ccddf.jpg,640,640,Scicors,217,176,640,612
zQvuYPyUR7gXdqXE_png.rf.ad6807a26ba449fc1ab05b9df6a91573.jpg,640,640,Paper,190,239,497,578
yAEtN7WUvS5S1Cmy_png.rf.7b0a74d640afcd964d786aa34a40f19d.jpg,640,640,Scicors,0,207,460,640
yUhvKMWrPQ9sJ78m_png.rf.afd69c2d16fb690c45c931a15e3326ca.jpg,640,640,Paper,125,52,581,611
Jg78GVOKbbyQchWq_png.rf.ae9aef342978d18752177a5c1202f426.jpg,640,640,Rock,0,0,444,341
ySmdq2LJmCBQatvr_png.rf.b2ba6f4d66c4a9091135430392e72a6d.jpg,640,640,Paper,80,38,637,636
xsM5n0KOqwb5R58V_png.rf.b1e76aa062b0b61d699429bd606f2785.jpg,640,640,Paper,152,8,614,514
xAnfzBYnsnuru9Nf_png.rf.b37c89f8e2329b9381047d3876f60929.jpg,640,640,Scicors,78,0,529,577
yM5JZ5J4uLeYIGOO_png.rf.b45cec9fd47a75228b9c52c2785dc09a.jpg,640,640,Paper,124,98,604,581
yWLbGUHRsGx5ocE9_png.rf.b3d48db14cffb0f70213b8acb7f53dc8.jpg,640,640,Paper,51,95,519,509
zGty6p4zGTzRip73_png.rf.9ace29875e480bf56aba3a0f8ab6245c.jpg,640,640,Paper,92,0,582,502
Jg78GVOKbbyQchWq_png.rf.b835907dd8ffa9951135ce8a427e1c82.jpg,640,640,Rock,341,208,640,637
JslFc8olsoXrWyG0_png.rf.c09ce3eb38789c16539d37d5e7f8a4a2.jpg,640,640,Rock,6,60,454,472
xALf82q7G9zbPjgN_png.rf.c2e626663f4903feac8ee2cf5e087329.jpg,640,640,Scicors,15,273,510,640
KQqIoVT62pLqhEGR_png.rf.bf2807677c3e2376fd5bb69796d2135b.jpg,640,640,Rock,39,37,473,514
ySmdq2LJmCBQatvr_png.rf.b661bcdd7070c04d8c191fec0bad1b33.jpg,640,640,Paper,4,78,515,636
yUG4uvp1tvCVbLlk_png.rf.c8fc114ec1fcba4dd46d6413e6f7b63d.jpg,640,640,Scicors,39,62,590,531
JXD8WyY4cQoEyvtU_png.rf.cb4bc0d3a1c05bedf6898856770622e0.jpg,640,640,Rock,288,51,558,476
zVMOQFwVINs3dj8o_png.rf.c39c1c407712662dfb0683d49712b818.jpg,640,640,Paper,0,2,443,452
Kp9F0tIiHIT310h6_png.rf.c8a81be52b536e4be06180c93ed6dab9.jpg,640,640,Rock,13,109,384,557
Khsb4fYDiZjyXfBP_png.rf.ca2c7a720597e38b7c254e2425dceece.jpg,640,640,Rock,49,74,520,465
xOdLJOH2sxWkgRTS_png.rf.cbf7d468b694b632e91d90a58f9c6c6b.jpg,640,640,Scicors,198,44,579,634
xPDNBvgWZrdijzTm_png.rf.ce07dc9b8d8c18bc3ee31b56632fab2c.jpg,640,640,Scicors,122,136,640,521
Kp9F0tIiHIT310h6_png.rf.c56cf96188600e85e553d213198865a7.jpg,640,640,Rock,285,111,592,496
xfdYfkrgEZ2fuuck_png.rf.ce20768c4b1e15b8ef5f03623daf5e5b.jpg,640,640,Scicors,137,50,640,459
Khsb4fYDiZjyXfBP_png.rf.cdb95f4340deed639c70e47258a3efc5.jpg,640,640,Rock,48,29,469,527
JXD8WyY4cQoEyvtU_png.rf.d1ba1213da37286eb867ab1feeedec20.jpg,640,640,Rock,35,82,472,355
yUhvKMWrPQ9sJ78m_png.rf.d23ae5b37a304724ec71d0d371dab11b.jpg,640,640,Paper,71,137,583,552
z6HDaayUjgx6LnhS_png.rf.d7314aa1a92bf11eac0c1534aad03c4f.jpg,640,640,Scicors,49,1,536,503
xALf82q7G9zbPjgN_png.rf.d798812d3b525d758182c1ad4e265a9f.jpg,640,640,Scicors,213,0,638,349
zGty6p4zGTzRip73_png.rf.cec617e03bd57101b37812717644e427.jpg,640,640,Paper,171,128,617,523
JIdgNYR5ymqv8uxv_png.rf.d97004b88cd292e96b62c61aa934dc85.jpg,640,640,Rock,274,118,590,537
yfoLtt4c7Rzc5VOW_png.rf.de9c8cb770ef529316cf95529941f14d.jpg,640,640,Paper,40,185,542,563
xOdLJOH2sxWkgRTS_png.rf.df63347b400adf6c2425b693bb93c7f9.jpg,640,640,Scicors,61,60,640,431
J5ZDRE5Cp9jyHs7s_png.rf.dcbd0b3774c7f03a76ab9a4fa99c6045.jpg,640,640,Rock,1,187,377,639
yUhvKMWrPQ9sJ78m_png.rf.e670ae2ca8be75d2c686606c67d9edaf.jpg,640,640,Paper,45,45,527,601
xQL4A9bjTuJuFj5K_png.rf.e847073ea687c1ecf348049cc02192f6.jpg,640,640,Scicors,57,98,502,507
J5ZDRE5Cp9jyHs7s_png.rf.e997f3160fb6b85c43dc02b551673ec0.jpg,640,640,Rock,27,177,335,617
yfoLtt4c7Rzc5VOW_png.rf.ebdd9fbbbfcbffa43e68628bf0354bde.jpg,640,640,Paper,81,90,479,599
zepzkaBk60xgpP3C_png.rf.f2e46f7ea8224a3dd0be5082dd983024.jpg,640,640,Scicors,3,78,591,562
yWLbGUHRsGx5ocE9_png.rf.ec6fe81fc676968f68c297603331a45c.jpg,640,640,Paper,22,84,540,639
Jgjf4Q4LunuuLJKq_png.rf.f70c186b74cb8097c457197047890bff.jpg,640,640,Rock,159,101,574,570
JmcPS1QNxo3NDlk0_png.rf.f53f33d5beb1da7c06cff255815327e9.jpg,640,640,Rock,220,121,562,580
xR8mRBEdYAbokAEk_png.rf.f5b480c2d48dbed7f9fb1dd3cd24d3ee.jpg,640,640,Paper,0,0,604,520
yfoLtt4c7Rzc5VOW_png.rf.f3eaff3ae96ebcb28c2a20cd1e71ec0d.jpg,640,640,Paper,69,134,610,573
JslFc8olsoXrWyG0_png.rf.f71c5291daf5d2c3f709b6772d57af31.jpg,640,640,Rock,82,0,477,427
xgFgqnPJIU3u1ZqY_png.rf.f82696510e1770b7163036a801241c6d.jpg,640,640,Scicors,68,1,500,556
ywXiLajxMzhy7BST_png.rf.f3090d26d88d5f2dc31e05029dad8896.jpg,640,640,Paper,40,6,498,557
xsM5n0KOqwb5R58V_png.rf.fb388cfcc35abb4986748f05422a377d.jpg,640,640,Paper,162,163,640,592
xQB1ghQm8FBFNtBX_png.rf.fb6118ad0e6b938f673a9cac86168577.jpg,640,640,Scicors,100,0,510,530
yt2EhLUQ7yDuIlG4_png.rf.faf8eea377e3050330e51f9f07aefb0b.jpg,640,640,Scicors,0,0,511,515
xOdLJOH2sxWkgRTS_png.rf.fd4c4dd6a10e377621abdb6ce554dd06.jpg,640,640,Scicors,0,152,581,605